USE ALAPAN;
CREATE TABLE IF NOT exists DELHI1( HALLS VARCHAR(20) NOT NULL ,SEATS INT(4) NOT NULL);
CREATE TABLE IF NOT EXISTS DELHI2( HALLS VARCHAR(20) NOT NULL ,SEATS INT(4) NOT NULL);
CREATE TABLE IF NOT EXISTS DELHI3( HALLS VARCHAR(20) NOT NULL ,SEATS INT(4) NOT NULL);
CREATE TABLE IF NOT EXISTS DELHI4( HALLS VARCHAR(20) NOT NULL ,SEATS INT(4) NOT NULL);
CREATE TABLE IF NOT EXISTS DELHI5( HALLS VARCHAR(20) NOT NULL ,SEATS INT(4) NOT NULL);
INSERT INTO DELHI1 VALUE("PVR PLAZA CINEMAS",350);
INSERT INTO DELHI1 VALUE("INOX CINEMA",250);
INSERT INTO DELHI1 VALUE("CINEPOLIS",250);
INSERT INTO DELHI1 VALUE("MIRAGE CINEMAS",300);
INSERT INTO DELHI1 VALUE("DELITE CINEMAS",300);
INSERT INTO DELHI2 VALUE("PVR PLAZA CINEMAS",350);
INSERT INTO DELHI2 VALUE("INOX CINEMA",250);
INSERT INTO DELHI2 VALUE("CINEPOLIS",250);
INSERT INTO DELHI2 VALUE("MIRAGE CINEMAS",300);
INSERT INTO DELHI2 VALUE("DELITE CINEMAS",300);
INSERT INTO DELHI3 VALUE("PVR PLAZA CINEMAS",350);
INSERT INTO DELHI3 VALUE("INOX CINEMA",250);
INSERT INTO DELHI3 VALUE("CINEPOLIS",250);
INSERT INTO DELHI3 VALUE("MIRAGE CINEMAS",300);
INSERT INTO DELHI3 VALUE("DELITE CINEMAS",300);
INSERT INTO DELHI4 VALUE("PVR PLAZA CINEMAS",350);
INSERT INTO DELHI4 VALUE("INOX CINEMA",250);
INSERT INTO DELHI4 VALUE("CINEPOLIS",250);
INSERT INTO DELHI4 VALUE("MIRAGE CINEMAS",300);
INSERT INTO DELHI4 VALUE("DELITE CINEMAS",300);
INSERT INTO DELHI5 VALUE("PVR PLAZA CINEMAS",350);
INSERT INTO DELHI5 VALUE("INOX CINEMA",250);
INSERT INTO DELHI5 VALUE("CINEPOLIS",250);
INSERT INTO DELHI5 VALUE("MIRAGE CINEMAS",300);
INSERT INTO DELHI5 VALUE("DELITE CINEMAS",300);

CREATE TABLE IF NOT exists HYDERABAD1( HALLS VARCHAR(20) NOT NULL ,SEATS INT(4) NOT NULL);
CREATE TABLE IF NOT EXISTS HYDERABAD2( HALLS VARCHAR(20) NOT NULL ,SEATS INT(4) NOT NULL);
CREATE TABLE IF NOT EXISTS HYDERABAD3( HALLS VARCHAR(20) NOT NULL ,SEATS INT(4) NOT NULL);
CREATE TABLE IF NOT EXISTS HYDERABAD4( HALLS VARCHAR(20) NOT NULL ,SEATS INT(4) NOT NULL);
CREATE TABLE IF NOT EXISTS HYDERABAD5( HALLS VARCHAR(20) NOT NULL ,SEATS INT(4) NOT NULL);
INSERT INTO HYDERABAD1 VALUE("PRASAD MULTIPLEX",350);
INSERT INTO HYDERABAD1 VALUE("SHANTI CINEMAS",250);
INSERT INTO HYDERABAD1 VALUE("ASIAN CINEMAS",250);
INSERT INTO HYDERABAD1 VALUE("PVR CINEMAS",300);
INSERT INTO HYDERABAD1 VALUE("CARNIVAL CINEMAS",300);
INSERT INTO HYDERABAD2 VALUE("PRASAD MULTIPLEX",350);
INSERT INTO HYDERABAD2 VALUE("SHANTI CINEMAS",250);
INSERT INTO HYDERABAD2 VALUE("ASIAN CINEMAS",250);
INSERT INTO HYDERABAD2 VALUE("PVR CINEMAS",300);
INSERT INTO HYDERABAD2 VALUE("CARNIVAL CINEMAS",300);
INSERT INTO HYDERABAD3 VALUE("PRASAD MULTIPLEX",350);
INSERT INTO HYDERABAD3 VALUE("SHANTI CINEMAS",250);
INSERT INTO HYDERABAD3 VALUE("ASIAN CINEMAS",250);
INSERT INTO HYDERABAD3 VALUE("PVR CINEMAS",300);
INSERT INTO HYDERABAD3 VALUE("CARNIVAL CINEMAS",300);
INSERT INTO HYDERABAD4 VALUE("PRASAD MULTIPLEX",350);
INSERT INTO HYDERABAD4 VALUE("SHANTI CINEMAS",250);
INSERT INTO HYDERABAD4 VALUE("ASIAN CINEMAS",250);
INSERT INTO HYDERABAD4 VALUE("PVR CINEMAS",300);
INSERT INTO HYDERABAD4 VALUE("CARNIVAL CINEMAS",300);
INSERT INTO HYDERABAD5 VALUE("PRASAD MULTIPLEX",350);
INSERT INTO HYDERABAD5 VALUE("SHANTI CINEMAS",250);
INSERT INTO HYDERABAD5 VALUE("ASIAN CINEMAS",250);
INSERT INTO HYDERABAD5 VALUE("PVR CINEMAS",300);
INSERT INTO HYDERABAD5 VALUE("CARNIVAL CINEMAS",300);

CREATE TABLE IF NOT exists MUMBAI1( HALLS VARCHAR(20) NOT NULL ,SEATS INT(4) NOT NULL);
CREATE TABLE IF NOT EXISTS MUMBAI2( HALLS VARCHAR(20) NOT NULL ,SEATS INT(4) NOT NULL);
CREATE TABLE IF NOT EXISTS MUMBAI3( HALLS VARCHAR(20) NOT NULL ,SEATS INT(4) NOT NULL);
CREATE TABLE IF NOT EXISTS MUMBAI4( HALLS VARCHAR(20) NOT NULL ,SEATS INT(4) NOT NULL);
CREATE TABLE IF NOT EXISTS MUMBAI5( HALLS VARCHAR(20) NOT NULL ,SEATS INT(4) NOT NULL);
INSERT INTO MUMBAI1 VALUE("CARNIVAL CINEMA IMAX",350);
INSERT INTO MUMBAI1 VALUE("INOX CINEMA",250);
INSERT INTO MUMBAI1 VALUE("ORAMA 4D CINEMAS",250);
INSERT INTO MUMBAI1 VALUE("PVR CINEMAS",300);
INSERT INTO MUMBAI1 VALUE("EROS CINEMAS",300);
INSERT INTO MUMBAI2 VALUE("CARNIVAL CINEMA IMAX",350);
INSERT INTO MUMBAI2 VALUE("INOX CINEMA",250);
INSERT INTO MUMBAI2 VALUE("ORAMA 4D CINEMAS",250);
INSERT INTO MUMBAI2 VALUE("PVR CINEMAS",300);
INSERT INTO MUMBAI2 VALUE("EROS CINEMAS",300);
INSERT INTO MUMBAI3 VALUE("CARNIVAL CINEMA IMAX",350);
INSERT INTO MUMBAI3 VALUE("INOX CINEMA",250);
INSERT INTO MUMBAI3 VALUE("ORAMA 4D CINEMAS",250);
INSERT INTO MUMBAI3 VALUE("PVR CINEMAS",300);
INSERT INTO MUMBAI3 VALUE("EROS CINEMAS",300);
INSERT INTO MUMBAI4 VALUE("CARNIVAL CINEMA IMAX",350);
INSERT INTO MUMBAI4 VALUE("INOX CINEMA",250);
INSERT INTO MUMBAI4 VALUE("ORAMA 4D CINEMAS",250);
INSERT INTO MUMBAI4 VALUE("PVR CINEMAS",300);
INSERT INTO MUMBAI4 VALUE("EROS CINEMAS",300);
INSERT INTO MUMBAI5 VALUE("CARNIVAL CINEMA IMAX",350);
INSERT INTO MUMBAI5 VALUE("INOX CINEMA",250);
INSERT INTO MUMBAI5 VALUE("ORAMA 4D CINEMAS",250);
INSERT INTO MUMBAI5 VALUE("PVR CINEMAS",300);
INSERT INTO MUMBAI5 VALUE("EROS CINEMAS",300);

CREATE TABLE IF NOT exists KOLKATA1( HALLS VARCHAR(20) NOT NULL ,SEATS INT(4) NOT NULL);
CREATE TABLE IF NOT EXISTS KOLKATA2( HALLS VARCHAR(20) NOT NULL ,SEATS INT(4) NOT NULL);
CREATE TABLE IF NOT EXISTS KOLKATA3( HALLS VARCHAR(20) NOT NULL ,SEATS INT(4) NOT NULL);
CREATE TABLE IF NOT EXISTS KOLKATA4( HALLS VARCHAR(20) NOT NULL ,SEATS INT(4) NOT NULL);
CREATE TABLE IF NOT EXISTS KOLKATA5( HALLS VARCHAR(20) NOT NULL ,SEATS INT(4) NOT NULL);
INSERT INTO KOLKATA1 VALUE("NANDAN CINEMA",350);
INSERT INTO KOLKATA1 VALUE("INOX CINEMA",250);
INSERT INTO KOLKATA1 VALUE("CINEPOLIS",250);
INSERT INTO KOLKATA1 VALUE("PVR CINEMAS",300);
INSERT INTO KOLKATA1 VALUE("NAVINA CINEMAS",300);
INSERT INTO KOLKATA2 VALUE("NANDAN CINEMA",350);
INSERT INTO KOLKATA2 VALUE("INOX CINEMA",250);
INSERT INTO KOLKATA2 VALUE("CINEPOLIS",250);
INSERT INTO KOLKATA2 VALUE("PVR CINEMAS",300);
INSERT INTO KOLKATA2 VALUE("NAVINA CINEMAS",300);
INSERT INTO KOLKATA3 VALUE("NANDAN CINEMA",350);
INSERT INTO KOLKATA3 VALUE("INOX CINEMA",250);
INSERT INTO KOLKATA3 VALUE("CINEPOLIS",250);
INSERT INTO KOLKATA3 VALUE("PVR CINEMAS",300);
INSERT INTO KOLKATA3 VALUE("NAVINA CINEMAS",300);
INSERT INTO KOLKATA4 VALUE("NANDAN CINEMA",350);
INSERT INTO KOLKATA4 VALUE("INOX CINEMA",250);
INSERT INTO KOLKATA4 VALUE("CINEPOLIS",250);
INSERT INTO KOLKATA4 VALUE("PVR CINEMAS",300);
INSERT INTO KOLKATA4 VALUE("NAVINA CINEMAS",300);
INSERT INTO KOLKATA5 VALUE("NANDAN CINEMA",350);
INSERT INTO KOLKATA5 VALUE("INOX CINEMA",250);
INSERT INTO KOLKATA5 VALUE("CINEPOLIS",250);
INSERT INTO KOLKATA5 VALUE("PVR CINEMAS",300);
INSERT INTO KOLKATA5 VALUE("NAVINA CINEMAS",300);

CREATE TABLE IF NOT exists BANGALORE1( HALLS VARCHAR(20) NOT NULL ,SEATS INT(4) NOT NULL);
CREATE TABLE IF NOT EXISTS BANGALORE2( HALLS VARCHAR(20) NOT NULL ,SEATS INT(4) NOT NULL);
CREATE TABLE IF NOT EXISTS BANGALORE3( HALLS VARCHAR(20) NOT NULL ,SEATS INT(4) NOT NULL);
CREATE TABLE IF NOT EXISTS BANGALORE4( HALLS VARCHAR(20) NOT NULL ,SEATS INT(4) NOT NULL);
CREATE TABLE IF NOT EXISTS BANGALORE5( HALLS VARCHAR(20) NOT NULL ,SEATS INT(4) NOT NULL);
INSERT INTO BANGALORE1 VALUE("AKASH CINEMAS",350);
INSERT INTO BANGALORE1 VALUE("TRIVENI  DOLBY CINEMAS",250);
INSERT INTO BANGALORE1 VALUE("CINEPOLIS",250);
INSERT INTO BANGALORE1 VALUE("URVASHI THEATER",300);
INSERT INTO BANGALORE1 VALUE("7D VOYAGE THEATER",300);
INSERT INTO BANGALORE2 VALUE("AKASH CINEMAS",350);
INSERT INTO BANGALORE2 VALUE("TRIVENI  DOLBY CINEMAS",250);
INSERT INTO BANGALORE2 VALUE("CINEPOLIS",250);
INSERT INTO BANGALORE2 VALUE("URVASHI THEATER",300);
INSERT INTO BANGALORE2 VALUE("7D VOYAGE THEATER",300);
INSERT INTO BANGALORE3 VALUE("AKASH CINEMAS",350);
INSERT INTO BANGALORE3 VALUE("TRIVENI  DOLBY CINEMAS",250);
INSERT INTO BANGALORE3 VALUE("CINEPOLIS",250);
INSERT INTO BANGALORE3 VALUE("URVASHI THEATER",300);
INSERT INTO BANGALORE3 VALUE("7D VOYAGE THEATER",300);
INSERT INTO BANGALORE4 VALUE("AKASH CINEMAS",350);
INSERT INTO BANGALORE4 VALUE("TRIVENI  DOLBY CINEMAS",250);
INSERT INTO BANGALORE4 VALUE("CINEPOLIS",250);
INSERT INTO BANGALORE4 VALUE("URVASHI THEATER",300);
INSERT INTO BANGALORE4 VALUE("7D VOYAGE THEATER",300);
INSERT INTO BANGALORE5 VALUE("AKASH CINEMAS",350);
INSERT INTO BANGALORE5 VALUE("TRIVENI  DOLBY CINEMAS",250);
INSERT INTO BANGALORE5 VALUE("CINEPOLIS",250);
INSERT INTO BANGALORE5 VALUE("URVASHI THEATER",300);
INSERT INTO BANGALORE5 VALUE("7D VOYAGE THEATER",300);
